{"Train Loss": 0.9982578158378601, "Train Accuracy": 0.7748036586910213, "IoU_train": 0.017915455506341722, "_timestamp": 1648203515, "_runtime": 53, "_step": 1, "Val Accuracy": 0.7689603382890875, "Val Loss": 0.9982101917266846, "IoU_val": 0.0027552540731531653}