{"Train Loss": 0.9979199171066284, "Train Accuracy": 0.6751535534858704, "IoU_train": 0.0008019984979182481, "_timestamp": 1648206878, "_runtime": 19, "_step": 9, "Val Accuracy": 0.7667273581027985, "Val Loss": 0.9977477788925171, "IoU_val": 0.0034167179837822914}