{"Train Loss": 0.6985154151916504, "Train Accuracy": 0.8641297022501627, "IoU_train": 0.5275040698020409, "_timestamp": 1648568319, "_runtime": 93, "_step": 0}