{"true_positives": 188.16696766444616, "true_negatives": 352389.82366071426, "false_negatives": 189.31374594994955, "false_positives": 115346.97767857143, "Train Loss": 0.99847412109375, "Train Accuracy": 0.7422000084604535, "IoU_train": 0.0013861526623077224, "_timestamp": 1648473166, "_runtime": 19, "_step": 1, "Examples": {"_type": "images/separated", "width": 256, "height": 256, "format": "png", "count": 4, "filenames": ["media/images/Examples_1_0.png", "media/images/Examples_1_1.png", "media/images/Examples_1_2.png", "media/images/Examples_1_3.png"], "captions": ["Pred: tensor([[[0.2546, 0.0389, 0.0355,  ..., 0.3867, 0.5233, 0.4848],\n         [0.1981, 0.0116, 0.0085,  ..., 0.4112, 0.4627, 0.5159],\n         [0.1393, 0.0022, 0.0015,  ..., 0.4251, 0.2484, 0.3704],\n         ...,\n         [0.0401, 0.0299, 0.0149,  ..., 0.5019, 0.4250, 0.2138],\n         [0.0538, 0.0934, 0.0295,  ..., 0.7502, 0.8078, 0.5884],\n         [0.3395, 0.8141, 0.6695,  ..., 0.5153, 0.8966, 0.1297]]],\n       device='cuda:0') Truth: tensor([[[0.0039, 0.0039, 0.0039,  ..., 0.0000, 0.0000, 0.0000],\n         [0.0039, 0.0039, 0.0039,  ..., 0.0000, 0.0000, 0.0000],\n         [0.0039, 0.0039, 0.0039,  ..., 0.0000, 0.0000, 0.0000],\n         ...,\n         [0.0000, 0.0000, 0.0000,  ..., 0.0000, 0.0000, 0.0000],\n         [0.0000, 0.0000, 0.0000,  ..., 0.0000, 0.0000, 0.0000],\n         [0.0000, 0.0000, 0.0000,  ..., 0.0000, 0.0000, 0.0000]]],\n       device='cuda:0')", "Pred: tensor([[[1.9023e-01, 1.4936e-02, 1.4877e-02,  ..., 3.6878e-01,\n          4.7702e-01, 4.8776e-01],\n         [1.4258e-01, 2.9035e-03, 2.0787e-03,  ..., 3.7663e-01,\n          4.4966e-01, 5.1219e-01],\n         [7.5869e-02, 3.7956e-04, 1.9350e-04,  ..., 3.7815e-01,\n          2.0127e-01, 3.4168e-01],\n         ...,\n         [7.0208e-02, 6.2850e-02, 2.9286e-02,  ..., 4.5214e-01,\n          4.3943e-01, 3.6079e-01],\n         [9.1887e-02, 1.2192e-01, 7.7217e-02,  ..., 7.2851e-01,\n          6.7426e-01, 5.0646e-01],\n         [3.9316e-01, 7.9084e-01, 6.8022e-01,  ..., 4.5239e-01,\n          7.2428e-01, 3.5225e-01]]], device='cuda:0') Truth: tensor([[[0., 0., 0.,  ..., 0., 0., 0.],\n         [0., 0., 0.,  ..., 0., 0., 0.],\n         [0., 0., 0.,  ..., 0., 0., 0.],\n         ...,\n         [0., 0., 0.,  ..., 0., 0., 0.],\n         [0., 0., 0.,  ..., 0., 0., 0.],\n         [0., 0., 0.,  ..., 0., 0., 0.]]], device='cuda:0')", "Pred: tensor([[[0.2518, 0.0394, 0.0355,  ..., 0.4955, 0.4048, 0.4176],\n         [0.2039, 0.0104, 0.0065,  ..., 0.5706, 0.6382, 0.5462],\n         [0.1622, 0.0026, 0.0017,  ..., 0.4457, 0.4831, 0.4856],\n         ...,\n         [0.7575, 0.8337, 0.9021,  ..., 0.4822, 0.5046, 0.3478],\n         [0.7422, 0.7948, 0.8360,  ..., 0.6706, 0.6361, 0.4427],\n         [0.6369, 0.7064, 0.7606,  ..., 0.4790, 0.6798, 0.3429]]],\n       device='cuda:0') Truth: tensor([[[0.0039, 0.0039, 0.0039,  ..., 0.0000, 0.0000, 0.0000],\n         [0.0039, 0.0039, 0.0039,  ..., 0.0000, 0.0000, 0.0000],\n         [0.0039, 0.0039, 0.0039,  ..., 0.0000, 0.0000, 0.0000],\n         ...,\n         [0.0039, 0.0039, 0.0039,  ..., 0.0000, 0.0000, 0.0000],\n         [0.0039, 0.0039, 0.0039,  ..., 0.0000, 0.0000, 0.0000],\n         [0.0039, 0.0039, 0.0039,  ..., 0.0000, 0.0000, 0.0000]]],\n       device='cuda:0')", "Pred: tensor([[[2.0547e-01, 1.6647e-02, 1.7666e-02,  ..., 3.4072e-01,\n          4.6677e-01, 4.8252e-01],\n         [1.3945e-01, 3.7015e-03, 2.5762e-03,  ..., 3.7913e-01,\n          4.6187e-01, 5.0945e-01],\n         [7.8475e-02, 5.3545e-04, 2.7519e-04,  ..., 3.7855e-01,\n          1.9663e-01, 3.4211e-01],\n         ...,\n         [3.5392e-02, 2.6549e-02, 1.1267e-02,  ..., 5.1521e-01,\n          3.2881e-01, 3.1441e-01],\n         [5.3263e-02, 7.7975e-02, 3.3824e-02,  ..., 7.2838e-01,\n          6.3488e-01, 5.7292e-01],\n         [3.5311e-01, 8.2668e-01, 6.9909e-01,  ..., 4.8826e-01,\n          7.9353e-01, 2.9103e-01]]], device='cuda:0') Truth: tensor([[[0., 0., 0.,  ..., 0., 0., 0.],\n         [0., 0., 0.,  ..., 0., 0., 0.],\n         [0., 0., 0.,  ..., 0., 0., 0.],\n         ...,\n         [0., 0., 0.,  ..., 0., 0., 0.],\n         [0., 0., 0.,  ..., 0., 0., 0.],\n         [0., 0., 0.,  ..., 0., 0., 0.]]], device='cuda:0')"]}, "true_positives_val": 230.5049171447754, "true_negatives_val": 335714.8359375, "false_negatives_val": 110.67059326171875, "false_positives_val": 73543.998046875, "Val Accuracy": 0.8594514429569244, "Val Loss": 0.7484325170516968, "IoU_val": 0.0023114356158657756}