{"Train Loss": 0.9926902055740356, "Train Accuracy": 0.6200229376554489, "IoU_train": 0.0038830508128739893, "_timestamp": 1647876559, "_runtime": 377, "_step": 19, "Val Accuracy": 0.6979982852935791, "Val Loss": 0.9927376508712769, "IoU_val": 0.003903144970536232}