{"Train Loss": 0.008773691952228546, "Train Accuracy": 10.823783874511719, "IoU_train": 0.265287809073925, "_timestamp": 1647354126, "_runtime": 26, "_step": 0, "_wandb": {"runtime": 26}}