{"Train Loss": 0.9974361658096313, "Train Accuracy": 37.49971389770508, "IoU_train": 0.29701347537338735, "_timestamp": 1647442396, "_runtime": 50, "_step": 0}