{"Train Loss": 0.7009339332580566, "Train Accuracy": 0.8659845924377442, "IoU_train": 0.5174195995616416, "_timestamp": 1648567232, "_runtime": 93, "_step": 0}