{"Train Loss": 0.9982798099517822, "Train Accuracy": 0.6780218482017517, "IoU_train": 0.3194293975830078, "_timestamp": 1648206301, "_runtime": 29, "_step": 9, "Val Accuracy": 0.9667174816131592, "Val Loss": 0.9988956451416016, "IoU_val": 0.003482678672298789}