{"Train Loss": 0.9924513101577759, "Train Accuracy": 0.9638785479265616, "IoU_train": 0.0037974488981273196, "_timestamp": 1648129959, "_runtime": 539, "_step": 10, "Val Accuracy": 0.9589194460348649, "Val Loss": 0.9924344420433044, "IoU_val": 0.0038057304961098865}