{"Train Loss": 0.9968493580818176, "Train Accuracy": 0.6141939043998719, "IoU_train": 0.001704735004750546, "_timestamp": 1647530292, "_runtime": 63, "_step": 1, "Val Accuracy": 0.990640652179718, "Val Loss": 0.9987257719039917, "IoU_val": 0.000623068633285584}