{"Train Loss": 0.7012624144554138, "Train Accuracy": 0.8459975624084473, "IoU_train": 0.5009825858660042, "_timestamp": 1648566301, "_runtime": 100, "_step": 0}