{"Train Loss": 0.99692702293396, "Train Accuracy": 8.437995910644531, "IoU_train": 0.2115616537630558, "_timestamp": 1647358128, "_runtime": 32, "_step": 0, "_wandb": {"runtime": 29}}