{"true_positives": 70328.42857142857, "true_negatives": 351112.4285714286, "false_negatives": 926.1428571428571, "false_positives": 45747.28571428572, "Train Loss": 0.7059312462806702, "Train Accuracy": 0.9008314950125558, "IoU_train": 0.5833617329597472, "_timestamp": 1648483930, "_runtime": 31, "_step": 9, "Predictions": {"_type": "images/separated", "width": 256, "height": 256, "format": "png", "count": 4, "filenames": ["media/images/Predictions_9_0.png", "media/images/Predictions_9_1.png", "media/images/Predictions_9_2.png", "media/images/Predictions_9_3.png"], "captions": ["pred", "pred", "pred", "pred"]}, "true_positives_val": 49090.25, "true_negatives_val": 312905.25, "false_negatives_val": 2565.25, "false_positives_val": 45039.25, "Val Accuracy": 0.9062609672546387, "Val Loss": 0.7963004112243652, "IoU_val": 0.45108939707279205}