{"Train Loss": 0.699526309967041, "Train Accuracy": 0.8707641092936198, "IoU_train": 0.526157589967673, "_timestamp": 1648566017, "_runtime": 87, "_step": 0}