{"true_positives": 86025.71428571429, "true_negatives": 281562.71428571426, "false_negatives": 8628.142857142857, "false_positives": 91897.71428571429, "Train Loss": 0.6987038850784302, "Train Accuracy": 0.7731304168701172, "IoU_train": 0.40809029582887885, "_timestamp": 1648484888, "_runtime": 34, "_step": 9, "Predictions": {"_type": "images/separated", "width": 256, "height": 256, "format": "png", "count": 4, "filenames": ["media/images/Predictions_9_0.png", "media/images/Predictions_9_1.png", "media/images/Predictions_9_2.png", "media/images/Predictions_9_3.png"], "captions": ["pred", "pred", "pred", "pred"]}, "true_positives_val": 93734.25, "true_negatives_val": 283420.75, "false_negatives_val": 11505.75, "false_positives_val": 20939.25, "Val Accuracy": 0.9008522033691406, "Val Loss": 0.6230969429016113, "IoU_val": 0.6112775504589081}