{"Train Loss": 0.9923744201660156, "Train Accuracy": 0.9445458725094795, "IoU_train": 0.0038279861328192055, "_timestamp": 1647536806, "_runtime": 671, "_step": 19, "Val Accuracy": 0.8340796828269958, "Val Loss": 0.9923401474952698, "IoU_val": 0.003845030500087887}