{"Train Loss": 0.9975733160972595, "Train Accuracy": 0.6884038597345352, "IoU_train": 0.0009693601913750171, "_timestamp": 1648207038, "_runtime": 20, "_step": 9, "Val Accuracy": 0.6984246671199799, "Val Loss": 0.9967994689941406, "IoU_val": 0.003401462105102837}