{"Train Loss": 0.9923813939094543, "Train Accuracy": 12.259902954101562, "IoU_train": 0.2683790475130081, "_timestamp": 1647356909, "_runtime": 24, "_step": 0, "_wandb": {"runtime": 44}}