{"Train Loss": 0.9971961975097656, "Train Accuracy": 0.8353086709976196, "IoU_train": 0.0019596482743509114, "_timestamp": 1647958509, "_runtime": 136, "_step": 19, "Val Accuracy": 0.8348700404167175, "Val Loss": 0.9968646764755249, "IoU_val": 0.0022124646638985723}