{"Train Loss": 0.9923254251480103, "Train Accuracy": 0.7829364120960236, "IoU_train": 0.0038894320139661433, "_timestamp": 1648194520, "_runtime": 39, "_step": 39, "Val Accuracy": 0.7354100584983826, "Val Loss": 0.9922475814819336, "IoU_val": 0.003909331606701016}