{"Train Loss": 0.9982690811157227, "Train Accuracy": 0.6958668869022929, "IoU_train": 0.014765025893902972, "_timestamp": 1648201262, "_runtime": 70, "_step": 1, "Val Accuracy": 0.7301057170737874, "Val Loss": 0.9982205629348755, "IoU_val": 0.0024477048554796387}