{"true_positives": 215.3025414603097, "true_negatives": 333629.83928571426, "false_negatives": 132.44763892037528, "false_positives": 134136.703125, "Train Loss": 0.9984071254730225, "Train Accuracy": 0.7109795553343636, "IoU_train": 0.001469871363369748, "_timestamp": 1648473489, "_runtime": 10, "_step": 1, "Examples": {"_type": "images/separated", "width": 256, "height": 256, "format": "png", "count": 4, "filenames": ["media/images/Examples_1_0.png", "media/images/Examples_1_1.png", "media/images/Examples_1_2.png", "media/images/Examples_1_3.png"], "captions": ["Pred: tensor([[[5.1073e-01, 4.7828e-01, 3.9582e-01,  ..., 7.4600e-01,\n          4.3029e-01, 3.6410e-01],\n         [5.4534e-01, 4.2777e-01, 3.0736e-01,  ..., 8.7345e-01,\n          4.1850e-01, 3.6866e-01],\n         [5.3052e-01, 3.5320e-01, 2.4890e-01,  ..., 2.5617e-01,\n          1.7814e-01, 1.5551e-01],\n         ...,\n         [9.1616e-04, 1.7903e-03, 1.4836e-04,  ..., 1.3028e-02,\n          1.0468e-01, 1.4862e-01],\n         [4.4222e-03, 1.7924e-02, 1.3382e-03,  ..., 6.3807e-02,\n          1.8243e-01, 1.9130e-01],\n         [8.3231e-02, 7.2245e-02, 3.1772e-02,  ..., 7.6281e-02,\n          1.9425e-01, 2.3632e-01]]], device='cuda:0') Truth: tensor([[[0.0000, 0.0000, 0.0000,  ..., 0.0000, 0.0000, 0.0000],\n         [0.0000, 0.0000, 0.0000,  ..., 0.0000, 0.0000, 0.0000],\n         [0.0000, 0.0000, 0.0000,  ..., 0.0000, 0.0000, 0.0000],\n         ...,\n         [0.0039, 0.0039, 0.0039,  ..., 0.0000, 0.0000, 0.0000],\n         [0.0039, 0.0039, 0.0039,  ..., 0.0000, 0.0000, 0.0000],\n         [0.0039, 0.0039, 0.0039,  ..., 0.0000, 0.0000, 0.0000]]],\n       device='cuda:0')", "Pred: tensor([[[5.1915e-01, 4.3592e-01, 3.7860e-01,  ..., 7.1075e-01,\n          4.1758e-01, 3.2580e-01],\n         [5.2954e-01, 4.0864e-01, 3.3170e-01,  ..., 8.7571e-01,\n          3.7978e-01, 3.1172e-01],\n         [4.9833e-01, 3.7300e-01, 2.6125e-01,  ..., 1.7958e-01,\n          1.1491e-01, 1.2806e-01],\n         ...,\n         [4.0734e-06, 4.1610e-05, 1.7581e-06,  ..., 3.7418e-03,\n          9.7431e-02, 1.1806e-01],\n         [1.2707e-04, 1.7028e-03, 3.2121e-05,  ..., 2.2397e-02,\n          1.5948e-01, 1.8034e-01],\n         [5.7234e-03, 3.2930e-03, 1.2465e-03,  ..., 3.6265e-02,\n          1.4039e-01, 1.9848e-01]]], device='cuda:0') Truth: tensor([[[0., 0., 0.,  ..., 0., 0., 0.],\n         [0., 0., 0.,  ..., 0., 0., 0.],\n         [0., 0., 0.,  ..., 0., 0., 0.],\n         ...,\n         [0., 0., 0.,  ..., 0., 0., 0.],\n         [0., 0., 0.,  ..., 0., 0., 0.],\n         [0., 0., 0.,  ..., 0., 0., 0.]]], device='cuda:0')", "Pred: tensor([[[0.5078, 0.4732, 0.4001,  ..., 0.8816, 0.3835, 0.3196],\n         [0.5032, 0.4199, 0.3750,  ..., 0.9144, 0.3809, 0.3735],\n         [0.5114, 0.3817, 0.3026,  ..., 0.1337, 0.0794, 0.0934],\n         ...,\n         [0.0338, 0.0322, 0.0111,  ..., 0.0481, 0.1998, 0.2372],\n         [0.0740, 0.0878, 0.0559,  ..., 0.1144, 0.2776, 0.2729],\n         [0.2726, 0.3037, 0.2020,  ..., 0.1316, 0.2597, 0.2781]]],\n       device='cuda:0') Truth: tensor([[[0.0000, 0.0000, 0.0000,  ..., 0.0000, 0.0000, 0.0000],\n         [0.0000, 0.0000, 0.0000,  ..., 0.0000, 0.0000, 0.0000],\n         [0.0000, 0.0000, 0.0000,  ..., 0.0000, 0.0000, 0.0000],\n         ...,\n         [0.0039, 0.0039, 0.0039,  ..., 0.0000, 0.0000, 0.0000],\n         [0.0039, 0.0039, 0.0039,  ..., 0.0000, 0.0000, 0.0000],\n         [0.0039, 0.0039, 0.0039,  ..., 0.0000, 0.0000, 0.0000]]],\n       device='cuda:0')", "Pred: tensor([[[5.0223e-01, 4.9438e-01, 4.2113e-01,  ..., 8.1720e-01,\n          4.5835e-01, 3.4377e-01],\n         [4.0301e-01, 5.2047e-01, 2.3972e-01,  ..., 8.8326e-01,\n          4.0800e-01, 3.5015e-01],\n         [2.5523e-01, 1.5597e-01, 7.4137e-02,  ..., 1.4460e-01,\n          1.0022e-01, 1.1614e-01],\n         ...,\n         [2.0907e-06, 2.6194e-05, 8.2707e-07,  ..., 1.2673e-02,\n          1.0116e-01, 1.6781e-01],\n         [7.1572e-05, 1.2927e-03, 1.7014e-05,  ..., 5.4315e-02,\n          1.7027e-01, 2.2538e-01],\n         [5.0106e-03, 3.1541e-03, 1.1647e-03,  ..., 7.6912e-02,\n          2.0246e-01, 2.2949e-01]]], device='cuda:0') Truth: tensor([[[0., 0., 0.,  ..., 0., 0., 0.],\n         [0., 0., 0.,  ..., 0., 0., 0.],\n         [0., 0., 0.,  ..., 0., 0., 0.],\n         ...,\n         [0., 0., 0.,  ..., 0., 0., 0.],\n         [0., 0., 0.,  ..., 0., 0., 0.],\n         [0., 0., 0.,  ..., 0., 0., 0.]]], device='cuda:0')"]}, "true_positives_val": 36.676472187042236, "true_negatives_val": 399746.85546875, "false_negatives_val": 295.1490468978882, "false_positives_val": 9521.323669433594, "Val Accuracy": 0.9810508042573929, "Val Loss": 0.9985649585723877, "IoU_val": 0.002695425528898454}