{"Test Accuracy": 0.17141428860751065, "IoU_test": 0.2788875980415579, "_timestamp": 1648647270, "_runtime": 5, "_step": 0}