{"true_positives": 340.5243933541434, "true_negatives": 300100.3348214286, "false_negatives": 130.81738526480538, "false_positives": 167542.625, "Train Loss": 0.9979857206344604, "Train Accuracy": 0.6443139229501996, "IoU_train": 0.0019202219764702022, "_timestamp": 1648474852, "_runtime": 9, "_step": 1, "Examples": {"_type": "images/separated", "width": 256, "height": 256, "format": "png", "count": 4, "filenames": ["media/images/Examples_1_0.png", "media/images/Examples_1_1.png", "media/images/Examples_1_2.png", "media/images/Examples_1_3.png"], "captions": ["image", "image", "image", "image"]}, "true_positives_val": 222.69511461257935, "true_negatives_val": 205321.79296875, "false_negatives_val": 167.20687580108643, "false_positives_val": 203888.3076171875, "Val Accuracy": 0.49643632024526596, "Val Loss": 0.9982703924179077, "IoU_val": 0.0009336032235296443}