{"Train Loss": 0.9964381456375122, "Train Accuracy": 0.5782432168722152, "IoU_train": 0.001964888370457629, "_timestamp": 1647530639, "_runtime": 66, "_step": 0, "_wandb": {"runtime": 66}}