{"Train Loss": 0.9936787486076355, "Train Accuracy": 9.888343811035156, "IoU_train": 0.2645629718899727, "_timestamp": 1647356113, "_runtime": 25, "_step": 0, "_wandb": {"runtime": 195}}