{"true_positives": 110581.0, "true_negatives": 309784.4285714286, "false_negatives": 5146.857142857143, "false_positives": 42602.0, "Train Loss": 0.5739343762397766, "Train Accuracy": 0.9046388353620257, "IoU_train": 0.6999534827470779, "_timestamp": 1648483849, "_runtime": 35, "_step": 9, "Predictions": {"_type": "images/separated", "width": 256, "height": 256, "format": "png", "count": 4, "filenames": ["media/images/Predictions_9_0.png", "media/images/Predictions_9_1.png", "media/images/Predictions_9_2.png", "media/images/Predictions_9_3.png"], "captions": ["pred", "pred", "pred", "pred"]}, "true_positives_val": 65300.5, "true_negatives_val": 320412.0, "false_negatives_val": 13376.25, "false_positives_val": 10511.25, "Val Accuracy": 0.9507331848144531, "Val Loss": 0.722851037979126, "IoU_val": 0.5425502978436065}