{"Train Loss": 0.691821813583374, "Train Accuracy": 0.8722941622235416, "IoU_train": 0.5466798221071562, "_timestamp": 1648718113, "_runtime": 26, "_step": 0}