{"Train Loss": 0.6939398646354675, "Train Accuracy": 0.8756329717199787, "IoU_train": 0.5496606079289337, "_timestamp": 1648718196, "_runtime": 27, "_step": 0}