{"true_positives": 200.2650042942592, "true_negatives": 379396.81026785716, "false_negatives": 305.48013755253385, "false_positives": 88211.73716517857, "Train Loss": 0.9979267716407776, "Train Accuracy": 0.7976231149264744, "IoU_train": 0.0020374188653659074, "_timestamp": 1648473438, "_runtime": 9, "_step": 1, "Examples": {"_type": "images/separated", "width": 256, "height": 256, "format": "png", "count": 4, "filenames": ["media/images/Examples_1_0.png", "media/images/Examples_1_1.png", "media/images/Examples_1_2.png", "media/images/Examples_1_3.png"], "captions": ["Pred: tensor([[[0.4234, 0.4458, 0.4321,  ..., 0.4319, 0.4600, 0.4870],\n         [0.4067, 0.4556, 0.4870,  ..., 0.4475, 0.4229, 0.5158],\n         [0.4514, 0.4240, 0.4516,  ..., 0.4854, 0.4837, 0.5374],\n         ...,\n         [0.2785, 0.2199, 0.3319,  ..., 0.3173, 0.2853, 0.4354],\n         [0.3217, 0.2850, 0.3161,  ..., 0.5018, 0.3925, 0.4223],\n         [0.4452, 0.3975, 0.4172,  ..., 0.3373, 0.3942, 0.4989]]],\n       device='cuda:0') Truth: tensor([[[0.0039, 0.0039, 0.0039,  ..., 0.0039, 0.0039, 0.0039],\n         [0.0039, 0.0039, 0.0039,  ..., 0.0039, 0.0039, 0.0039],\n         [0.0039, 0.0039, 0.0039,  ..., 0.0039, 0.0039, 0.0039],\n         ...,\n         [0.0000, 0.0000, 0.0000,  ..., 0.0000, 0.0000, 0.0000],\n         [0.0000, 0.0000, 0.0000,  ..., 0.0000, 0.0000, 0.0000],\n         [0.0000, 0.0000, 0.0000,  ..., 0.0000, 0.0000, 0.0000]]],\n       device='cuda:0')", "Pred: tensor([[[0.3981, 0.4252, 0.4536,  ..., 0.4531, 0.4510, 0.4878],\n         [0.3622, 0.3932, 0.4078,  ..., 0.3745, 0.3674, 0.4735],\n         [0.4068, 0.3804, 0.4031,  ..., 0.4131, 0.3754, 0.4546],\n         ...,\n         [0.3299, 0.3026, 0.3367,  ..., 0.3940, 0.2700, 0.4014],\n         [0.3211, 0.3139, 0.3274,  ..., 0.4855, 0.3966, 0.3756],\n         [0.4416, 0.3927, 0.4075,  ..., 0.3274, 0.3799, 0.4878]]],\n       device='cuda:0') Truth: tensor([[[0.0000, 0.0039, 0.0039,  ..., 0.0000, 0.0000, 0.0000],\n         [0.0000, 0.0000, 0.0039,  ..., 0.0000, 0.0000, 0.0000],\n         [0.0000, 0.0000, 0.0000,  ..., 0.0000, 0.0000, 0.0000],\n         ...,\n         [0.0039, 0.0039, 0.0039,  ..., 0.0039, 0.0039, 0.0039],\n         [0.0039, 0.0039, 0.0039,  ..., 0.0039, 0.0039, 0.0039],\n         [0.0039, 0.0039, 0.0039,  ..., 0.0039, 0.0039, 0.0039]]],\n       device='cuda:0')", "Pred: tensor([[[0.3789, 0.4317, 0.4378,  ..., 0.4124, 0.4290, 0.6181],\n         [0.3272, 0.3991, 0.4098,  ..., 0.3016, 0.3849, 0.5262],\n         [0.3036, 0.3091, 0.3642,  ..., 0.2363, 0.3465, 0.4568],\n         ...,\n         [0.2854, 0.1654, 0.2243,  ..., 0.3615, 0.3112, 0.4694],\n         [0.3102, 0.2289, 0.2553,  ..., 0.4372, 0.3609, 0.4101],\n         [0.4545, 0.3669, 0.3888,  ..., 0.3274, 0.4132, 0.5259]]],\n       device='cuda:0') Truth: tensor([[[0., 0., 0.,  ..., 0., 0., 0.],\n         [0., 0., 0.,  ..., 0., 0., 0.],\n         [0., 0., 0.,  ..., 0., 0., 0.],\n         ...,\n         [0., 0., 0.,  ..., 0., 0., 0.],\n         [0., 0., 0.,  ..., 0., 0., 0.],\n         [0., 0., 0.,  ..., 0., 0., 0.]]], device='cuda:0')", "Pred: tensor([[[0.4138, 0.4554, 0.4683,  ..., 0.4500, 0.4535, 0.4812],\n         [0.3711, 0.4610, 0.4520,  ..., 0.3999, 0.3651, 0.4828],\n         [0.4070, 0.4187, 0.4660,  ..., 0.4022, 0.3760, 0.4866],\n         ...,\n         [0.3073, 0.2328, 0.2672,  ..., 0.3908, 0.3542, 0.4719],\n         [0.3065, 0.2476, 0.2547,  ..., 0.5232, 0.4298, 0.4269],\n         [0.4457, 0.3714, 0.4086,  ..., 0.3830, 0.4546, 0.5055]]],\n       device='cuda:0') Truth: tensor([[[0., 0., 0.,  ..., 0., 0., 0.],\n         [0., 0., 0.,  ..., 0., 0., 0.],\n         [0., 0., 0.,  ..., 0., 0., 0.],\n         ...,\n         [0., 0., 0.,  ..., 0., 0., 0.],\n         [0., 0., 0.,  ..., 0., 0., 0.],\n         [0., 0., 0.,  ..., 0., 0., 0.]]], device='cuda:0')"]}, "true_positives_val": 71.69608810544014, "true_negatives_val": 389144.708984375, "false_negatives_val": 361.5470848083496, "false_positives_val": 20022.053604125977, "Val Accuracy": 0.9580956697463989, "Val Loss": 0.9977821111679077, "IoU_val": 0.0023666800698265433}