{"Train Loss": 0.9982273578643799, "Train Accuracy": 0.7868343236249521, "IoU_train": 0.02003005713766524, "_timestamp": 1648204127, "_runtime": 131, "_step": 9, "Val Accuracy": 0.8317023103887384, "Val Loss": 0.9981738328933716, "IoU_val": 0.003509074267507954}