{"Train Loss": 0.9933058619499207, "Train Accuracy": 0.792691558599472, "IoU_train": 0.0037883593467995524, "_timestamp": 1648194417, "_runtime": 14, "_step": 19, "Val Accuracy": 0.8983220756053925, "Val Loss": 0.9940935373306274, "IoU_val": 0.003865144681185484}