{"Test Accuracy": 13.033218383789064, "Test Loss": 0.5027243494987488, "_timestamp": 1646919733, "_runtime": 54, "_step": 1, "_wandb": {"runtime": 52}}