{"true_positives": 419.7406463623047, "true_negatives": 176152.95424107142, "false_negatives": 31.191599249839783, "false_positives": 291510.3984375, "Train Loss": 0.9979487657546997, "Train Accuracy": 0.39695603932653156, "IoU_train": 0.0015387521893717349, "_timestamp": 1648474506, "_runtime": 10, "_step": 1, "Examples": {"_type": "images/separated", "width": 256, "height": 256, "format": "png", "count": 4, "filenames": ["media/images/Examples_1_0.png", "media/images/Examples_1_1.png", "media/images/Examples_1_2.png", "media/images/Examples_1_3.png"], "captions": ["Pred: tensor([[[0.4289, 0.4603, 0.4397,  ..., 0.4879, 0.5032, 0.5490],\n         [0.4123, 0.4086, 0.3602,  ..., 0.4998, 0.4981, 0.5328],\n         [0.4312, 0.4459, 0.4239,  ..., 0.5215, 0.5433, 0.5409],\n         ...,\n         [0.4734, 0.4819, 0.4861,  ..., 0.3979, 0.4871, 0.5634],\n         [0.4909, 0.4900, 0.4674,  ..., 0.4036, 0.4598, 0.5638],\n         [0.5239, 0.4890, 0.5054,  ..., 0.4878, 0.5355, 0.5406]]],\n       device='cuda:0') Truth: tensor([[[0., 0., 0.,  ..., 0., 0., 0.],\n         [0., 0., 0.,  ..., 0., 0., 0.],\n         [0., 0., 0.,  ..., 0., 0., 0.],\n         ...,\n         [0., 0., 0.,  ..., 0., 0., 0.],\n         [0., 0., 0.,  ..., 0., 0., 0.],\n         [0., 0., 0.,  ..., 0., 0., 0.]]], device='cuda:0')", "Pred: tensor([[[0.4351, 0.4579, 0.4421,  ..., 0.4936, 0.5046, 0.5446],\n         [0.4051, 0.3990, 0.3684,  ..., 0.5163, 0.5034, 0.5345],\n         [0.4269, 0.4390, 0.4181,  ..., 0.5341, 0.5353, 0.5228],\n         ...,\n         [0.4504, 0.4699, 0.4877,  ..., 0.5077, 0.5310, 0.5851],\n         [0.4696, 0.4669, 0.4527,  ..., 0.4705, 0.4775, 0.5904],\n         [0.5122, 0.4885, 0.5064,  ..., 0.5058, 0.5315, 0.5591]]],\n       device='cuda:0') Truth: tensor([[[0., 0., 0.,  ..., 0., 0., 0.],\n         [0., 0., 0.,  ..., 0., 0., 0.],\n         [0., 0., 0.,  ..., 0., 0., 0.],\n         ...,\n         [0., 0., 0.,  ..., 0., 0., 0.],\n         [0., 0., 0.,  ..., 0., 0., 0.],\n         [0., 0., 0.,  ..., 0., 0., 0.]]], device='cuda:0')", "Pred: tensor([[[0.4432, 0.4662, 0.4494,  ..., 0.4737, 0.4989, 0.5509],\n         [0.4186, 0.4291, 0.4023,  ..., 0.4866, 0.4957, 0.5272],\n         [0.4498, 0.4531, 0.4588,  ..., 0.5217, 0.5391, 0.5403],\n         ...,\n         [0.4493, 0.4564, 0.4780,  ..., 0.4514, 0.5216, 0.5754],\n         [0.4778, 0.4703, 0.4531,  ..., 0.4083, 0.4683, 0.5893],\n         [0.5247, 0.4840, 0.4912,  ..., 0.4868, 0.5368, 0.5592]]],\n       device='cuda:0') Truth: tensor([[[0., 0., 0.,  ..., 0., 0., 0.],\n         [0., 0., 0.,  ..., 0., 0., 0.],\n         [0., 0., 0.,  ..., 0., 0., 0.],\n         ...,\n         [0., 0., 0.,  ..., 0., 0., 0.],\n         [0., 0., 0.,  ..., 0., 0., 0.],\n         [0., 0., 0.,  ..., 0., 0., 0.]]], device='cuda:0')", "Pred: tensor([[[0.4497, 0.4860, 0.4313,  ..., 0.4887, 0.5193, 0.5366],\n         [0.4229, 0.4426, 0.4104,  ..., 0.5040, 0.5216, 0.5248],\n         [0.4556, 0.4707, 0.4812,  ..., 0.5253, 0.5473, 0.5314],\n         ...,\n         [0.4694, 0.4833, 0.4891,  ..., 0.4567, 0.5359, 0.5837],\n         [0.4829, 0.4924, 0.4642,  ..., 0.4329, 0.4783, 0.5923],\n         [0.5185, 0.5020, 0.5185,  ..., 0.4992, 0.5399, 0.5600]]],\n       device='cuda:0') Truth: tensor([[[0.0039, 0.0039, 0.0039,  ..., 0.0000, 0.0000, 0.0000],\n         [0.0039, 0.0039, 0.0039,  ..., 0.0000, 0.0000, 0.0000],\n         [0.0039, 0.0039, 0.0039,  ..., 0.0000, 0.0000, 0.0000],\n         ...,\n         [0.0000, 0.0000, 0.0000,  ..., 0.0000, 0.0000, 0.0000],\n         [0.0000, 0.0000, 0.0000,  ..., 0.0000, 0.0000, 0.0000],\n         [0.0000, 0.0000, 0.0000,  ..., 0.0000, 0.0000, 0.0000]]],\n       device='cuda:0')"]}, "true_positives_val": 108.98529815673828, "true_negatives_val": 290572.87109375, "false_negatives_val": 92.64412498474121, "false_positives_val": 118825.51586914062, "Val Accuracy": 0.7227634787559509, "Val Loss": 0.9988189935684204, "IoU_val": 0.0009901864978019148}