{"Train Loss": 0.7072116732597351, "Train Accuracy": 0.8495598793029785, "IoU_train": 0.48910494073604543, "_timestamp": 1648566697, "_runtime": 98, "_step": 0}