{"Train Loss": 0.992241382598877, "Train Accuracy": 0.9250162785206366, "IoU_train": 0.0020009540010664305, "_timestamp": 1648196924, "_runtime": 554, "_step": 79, "Val Accuracy": 0.9171983317895369, "Val Loss": 0.9922681450843811, "IoU_val": 0.0003237745354867498}