{"Train Loss": 0.9982728958129883, "Train Accuracy": 0.7368957796774873, "IoU_train": 0.016683638279701034, "_timestamp": 1648203858, "_runtime": 50, "_step": 1, "Val Accuracy": 0.7669372916221618, "Val Loss": 0.9982435703277588, "IoU_val": 0.0027522862232713537}