{"Train Loss": 0.7033360600471497, "Train Accuracy": 0.8506509399414063, "IoU_train": 0.4969687115432074, "_timestamp": 1648568603, "_runtime": 94, "_step": 0}