{"Train Loss": 0.9972484707832336, "Train Accuracy": 0.0, "IoU_train": 0.19412198662757874, "_timestamp": 1647440883, "_runtime": 29, "_step": 0, "_wandb": {"runtime": 32}}