{"Train Loss": 0.9927897453308105, "Train Accuracy": 0.9376967232161706, "IoU_train": 0.0037103081292925626, "_timestamp": 1648050563, "_runtime": 16, "_step": 0}