{"Train Loss": 0.9976637363433838, "Train Accuracy": 0.7578961998224258, "IoU_train": 0.001165867131203413, "_timestamp": 1648207190, "_runtime": 54, "_step": 79, "Val Accuracy": 0.7621144950389862, "Val Loss": 0.9977105855941772, "IoU_val": 0.003648633137345314}