{"Val Accuracy": 28.70048522949219, "Val Loss": 0.18217876553535461, "IoU_val": 0.21296000480651855, "_timestamp": 1646920246, "_runtime": 75, "_step": 1, "_wandb": {"runtime": 354}}