{"Train Loss": 0.9939314723014832, "Train Accuracy": 65.5130386352539, "IoU_train": 0.32818541787564753, "_timestamp": 1647514727, "_runtime": 106, "_step": 3, "Val Accuracy": 0.370635986328125, "Val Loss": 0.9979683756828308, "IoU_val": 0.25944734923541546}