{"true_positives": 93785.57142857143, "true_negatives": 303410.4285714286, "false_negatives": 6232.142857142857, "false_positives": 64686.142857142855, "Train Loss": 0.6546057462692261, "Train Accuracy": 0.8433549063546317, "IoU_train": 0.51946040391922, "_timestamp": 1648485011, "_runtime": 35, "_step": 9, "Predictions": {"_type": "images/separated", "width": 256, "height": 256, "format": "png", "count": 4, "filenames": ["media/images/Predictions_9_0.png", "media/images/Predictions_9_1.png", "media/images/Predictions_9_2.png", "media/images/Predictions_9_3.png"], "captions": ["pred", "pred", "pred", "pred"]}, "true_positives_val": 101601.5, "true_negatives_val": 257628.0, "false_negatives_val": 3130.75, "false_positives_val": 47239.75, "Val Accuracy": 0.9039225578308105, "Val Loss": 0.4291362464427948, "IoU_val": 0.4834358657967641}