{"Train Loss": 0.9940352439880371, "Train Accuracy": 0.932626336812973, "IoU_train": 0.003005414043582277, "_timestamp": 1647525765, "_runtime": 280, "_step": 7, "Val Accuracy": 0.7175881147384644, "Val Loss": 0.9944831728935242, "IoU_val": 0.002788600721396506}