{"Train Loss": 0.9943567514419556, "Train Accuracy": 0.7417735755443573, "IoU_train": 0.003367211582371965, "_timestamp": 1647875970, "_runtime": 269, "_step": 13, "Val Accuracy": 0.7299144566059113, "Val Loss": 0.9934552311897278, "IoU_val": 0.0037337797693908215}