{"Train Loss": 0.9938291311264038, "Train Accuracy": 0.9348921120166779, "IoU_train": 0.00312799708917737, "_timestamp": 1647533598, "_runtime": 150, "_step": 4, "Val Accuracy": 0.0013047237473074347, "Val Loss": 0.9979273080825806, "IoU_val": 0.001037704013288021}