{"Train Loss": 0.9944853782653809, "Train Accuracy": 0.9101072192192078, "IoU_train": 0.0028791827033273877, "_timestamp": 1647530520, "_runtime": 197, "_step": 5, "Val Accuracy": 0.21931249424815177, "Val Loss": 0.9969881176948547, "IoU_val": 0.0015126629878068343}