{"true_positives": 325.67906775933886, "true_negatives": 384229.573752867, "false_negatives": 47.54326748615985, "false_positives": 139083.96086582568, "Train Loss": 0.998248815536499, "Train Accuracy": 0.7343876318100395, "IoU_train": 0.06292826443972127, "_timestamp": 1648472488, "_runtime": 140, "_step": 1, "true_positives_val": 353.7594833723996, "true_negatives_val": 376301.4254587156, "false_negatives_val": 8.817845576331703, "false_positives_val": 147022.7583858945, "Val Accuracy": 0.7192385344330324, "Val Loss": 0.998268723487854, "IoU_val": 0.002245146322220034}