{"Train Loss": 0.9923614859580994, "Train Accuracy": 0.9099919199943542, "IoU_train": 0.0007043923455057665, "_timestamp": 1648195605, "_runtime": 35, "_step": 39, "Val Accuracy": 0.9332611560821533, "Val Loss": 0.9941173791885376, "IoU_val": 0.00026132798658262473}