{"Train Loss": 0.9950985908508301, "Train Accuracy": 0.7312750220298767, "IoU_train": 0.003401706228032708, "_timestamp": 1647875679, "_runtime": 278, "_step": 15, "Val Accuracy": 0.7073614001274109, "Val Loss": 0.9954628944396973, "IoU_val": 0.0030075834365561604}