{"Train Loss": 0.9940239191055298, "Train Accuracy": 0.972145164012909, "IoU_train": 0.0029958693572552874, "_timestamp": 1647529596, "_runtime": 103, "_step": 2, "Val Accuracy": 0.18481126204133033, "Val Loss": 0.9969070553779602, "IoU_val": 0.0015441381721757353}