{"Train Loss": 0.9925088882446289, "Train Accuracy": 0.9516545206034949, "IoU_train": 0.0037733487447898905, "_timestamp": 1648130270, "_runtime": 247, "_step": 5, "Val Accuracy": 0.95399376262318, "Val Loss": 0.9926369190216064, "IoU_val": 0.003711318425349284}