{"Train Loss": 0.993014931678772, "Train Accuracy": 0.7430569231510162, "IoU_train": 0.003860765660647303, "_timestamp": 1647599005, "_runtime": 245, "_step": 13, "Val Accuracy": 0.7601660192012787, "Val Loss": 0.9927815198898315, "IoU_val": 0.0038702262099832296}