{"Train Loss": 0.009634856134653091, "Train Accuracy": 10.83770751953125, "IoU_train": 0.25464217364788055, "_timestamp": 1647352211, "_runtime": 53, "_step": 3, "Val Accuracy": 16.14654541015625, "Val Loss": 0.8801983594894409, "IoU_val": 0.21744835376739502, "_wandb": {"runtime": 50}}