{"Train Loss": 0.2763417959213257, "Train Accuracy": 18.017845153808594, "IoU_train": 0.22877812385559082, "_timestamp": 1647351960, "_runtime": 52, "_step": 3, "Val Accuracy": 1.95159912109375, "Val Loss": 23.373554229736328, "IoU_val": 0.307468444108963, "_wandb": {"runtime": 56}}