{"Train Loss": 0.9966056942939758, "Train Accuracy": 0.3990252196788788, "IoU_train": 0.001803138351533562, "_timestamp": 1647529730, "_runtime": 63, "_step": 1, "Val Accuracy": 0.0014076861465582625, "Val Loss": 0.9971917867660522, "IoU_val": 0.0014076861465582625}