{"Train Loss": 0.9938536882400513, "Train Accuracy": 7.1628570556640625, "IoU_train": 0.21610260009765625, "_timestamp": 1647358437, "_runtime": 51, "_step": 3, "Val Accuracy": 0.0, "Val Loss": 0.9951412677764893, "IoU_val": 0.28402939438819885, "_wandb": {"runtime": 145}}