{"Train Loss": 0.9929094314575195, "Train Accuracy": 0.7121727764606476, "IoU_train": 0.0037854252150282264, "_timestamp": 1647599874, "_runtime": 347, "_step": 19, "Val Accuracy": 0.6309961080551147, "Val Loss": 0.9926847815513611, "IoU_val": 0.003812824608758092}