{"Train Loss": 0.9968833923339844, "Train Accuracy": 0.6636331081390381, "IoU_train": 0.0015732137253507972, "_timestamp": 1647521165, "_runtime": 48, "_step": 0, "_wandb": {"runtime": 49}}