{"Train Loss": 0.9977681040763855, "Train Accuracy": 0.43570446968078613, "IoU_train": 0.0012447547633200884, "_timestamp": 1647523212, "_runtime": 68, "_step": 0, "_wandb": {"runtime": 70}}