{"Train Accuracy": 0.008427988737821579, "Train Loss": 11.351203918457031, "IoU_train": 0.2523231953382492, "_timestamp": 1646930266, "_runtime": 59, "_step": 3, "Val Accuracy": 17.529373168945312, "Val Loss": 0.008380250073969364, "IoU_val": 0.20779511332511902}