{"Train Loss": 0.9980108141899109, "Train Accuracy": 0.696127638220787, "IoU_train": 0.0008341587521135807, "_timestamp": 1648207102, "_runtime": 15, "_step": 9, "Val Accuracy": 0.6812615692615509, "Val Loss": 0.9983410835266113, "IoU_val": 0.0012673464661929756}