{"Train Loss": 0.6993148326873779, "Train Accuracy": 0.8678288968404134, "IoU_train": 0.5271269842796028, "_timestamp": 1648567724, "_runtime": 88, "_step": 0}