{"Train Loss": 0.9971784353256226, "Train Accuracy": 0.6252154856920242, "IoU_train": 0.3191663920879364, "_timestamp": 1648206487, "_runtime": 33, "_step": 9, "Val Accuracy": 0.9139218330383301, "Val Loss": 0.998262882232666, "IoU_val": 0.0037865350022912025}