{"Train Loss": 0.010368648916482925, "Train Accuracy": 7.744712829589844, "IoU_train": 0.2711380571126938, "_timestamp": 1647353435, "_runtime": 27, "_step": 0, "_wandb": {"runtime": 27}}