{"Train Loss": 0.9979019165039062, "Train Accuracy": 0.0, "IoU_train": 0.1612146995961666, "_timestamp": 1647440970, "_runtime": 29, "_step": 0, "_wandb": {"runtime": 35}}