{"true_positives": 77560.71428571429, "true_negatives": 316918.14285714284, "false_negatives": 9151.42857142857, "false_positives": 64484.0, "Train Loss": 0.6781132221221924, "Train Accuracy": 0.847273690359933, "IoU_train": 0.5041499587893485, "_timestamp": 1648482037, "_runtime": 32, "_step": 9, "Predictions": {"_type": "images/separated", "width": 256, "height": 256, "format": "png", "count": 4, "filenames": ["media/images/Predictions_9_0.png", "media/images/Predictions_9_1.png", "media/images/Predictions_9_2.png", "media/images/Predictions_9_3.png"], "captions": ["pred", "pred", "pred", "pred"]}, "true_positives_val": 83255.25, "true_negatives_val": 305351.25, "false_negatives_val": 3542.75, "false_positives_val": 17450.75, "Val Accuracy": 0.9117960929870605, "Val Loss": 0.558033287525177, "IoU_val": 0.7835593521595001}