{"Train Loss": 0.9944466352462769, "Train Accuracy": 0.9176551401615143, "IoU_train": 0.002808595908572897, "_timestamp": 1647531199, "_runtime": 208, "_step": 7, "Val Accuracy": 0.3653087347745895, "Val Loss": 0.9970365762710571, "IoU_val": 0.0014839253559330245}