{"Train Loss": 0.9963393211364746, "Train Accuracy": 0.79856376349926, "IoU_train": 0.002553963837272022, "_timestamp": 1647957048, "_runtime": 150, "_step": 19, "Val Accuracy": 0.8115467429161072, "Val Loss": 0.9967617988586426, "IoU_val": 0.002952184295281768}