{"Train Loss": 0.9925103187561035, "Train Accuracy": 0.9340197622776032, "IoU_train": 0.0005098572321003303, "_timestamp": 1648196163, "_runtime": 37, "_step": 39, "Val Accuracy": 0.8769524931907654, "Val Loss": 0.9923326373100281, "IoU_val": 0.000480750082351733}