{"Train Loss": 0.9929393529891968, "Train Accuracy": 14.319259643554688, "IoU_train": 0.2375512458384037, "_timestamp": 1647359146, "_runtime": 127, "_step": 3, "Val Accuracy": 18.573888142903645, "Val Loss": 0.9927062392234802, "IoU_val": 0.20324884603420892}