{"true_positives": 340.40955352783203, "true_negatives": 346211.77901785716, "false_negatives": 174.64539800371443, "false_positives": 121387.44977678571, "Train Loss": 0.9977594017982483, "Train Accuracy": 0.7322980931827, "IoU_train": 0.0024036629660986364, "_timestamp": 1648474608, "_runtime": 10, "_step": 1, "Examples": {"_type": "images/separated", "width": 256, "height": 256, "format": "png", "count": 4, "filenames": ["media/images/Examples_1_0.png", "media/images/Examples_1_1.png", "media/images/Examples_1_2.png", "media/images/Examples_1_3.png"], "captions": ["pred", "pred", "pred", "pred"]}, "true_positives_val": 1.6519610285758972, "true_negatives_val": 407991.3515625, "false_negatives_val": 478.14515686035156, "false_positives_val": 1128.8480834960938, "Val Accuracy": 0.996667891740799, "Val Loss": 0.7481744289398193, "IoU_val": 0.0007323199313162831}