{"Train Loss": 0.35868531465530396, "Train Accuracy": 0.9841338992118835, "IoU_train": 0.9688051342964172, "_timestamp": 1650616755, "_runtime": 144, "_step": 299, "Predictions": {"_type": "images/separated", "width": 256, "height": 256, "format": "png", "count": 1, "filenames": ["media/images/Predictions_299_0.png"], "captions": ["pred_iter_n_0"]}, "GT": {"_type": "images/separated", "width": 256, "height": 256, "format": "png", "count": 1, "filenames": ["media/images/GT_299_0.png"], "captions": ["gt_iter_n_0"]}, "Val Accuracy": 0.9109598994255066, "Val Loss": 0.5519358515739441, "IoU_val": 0.741761326789856}