{"true_positives": 392.7008797781808, "true_negatives": 228027.13392857142, "false_negatives": 119.58825281688145, "false_positives": 239574.8671875, "Train Loss": 0.9974112510681152, "Train Accuracy": 0.4911147270883833, "IoU_train": 0.0019828851375496013, "_timestamp": 1648473035, "_runtime": 18, "_step": 1, "true_positives_val": 372.73629570007324, "true_negatives_val": 294489.9404296875, "false_negatives_val": 134.5598168373108, "false_positives_val": 114602.7666015625, "Val Accuracy": 0.7102446407079697, "Val Loss": 0.9971933960914612, "IoU_val": 0.002795674605295062}