{"Train Loss": 0.008721930906176567, "Train Accuracy": 10.75927734375, "IoU_train": 0.2755640894174576, "_timestamp": 1647353019, "_runtime": 26, "_step": 0, "_wandb": {"runtime": 58}}