{"Train Loss": 0.9983024001121521, "Train Accuracy": 0.7400595234074724, "IoU_train": 0.016296131714696523, "_timestamp": 1648203766, "_runtime": 41, "_step": 1, "Val Accuracy": 0.7568322138352828, "Val Loss": 0.9983237981796265, "IoU_val": 0.0025634782028977165}