{"true_positives": 84434.57142857143, "true_negatives": 332218.71428571426, "false_negatives": 2201.714285714286, "false_positives": 49259.28571428572, "Train Loss": 0.6566500067710876, "Train Accuracy": 0.8910418919154576, "IoU_train": 0.6118228858709335, "_timestamp": 1648484702, "_runtime": 35, "_step": 9, "Predictions": {"_type": "images/separated", "width": 256, "height": 256, "format": "png", "count": 4, "filenames": ["media/images/Predictions_9_0.png", "media/images/Predictions_9_1.png", "media/images/Predictions_9_2.png", "media/images/Predictions_9_3.png"], "captions": ["pred", "pred", "pred", "pred"]}, "true_positives_val": 89404.25, "true_negatives_val": 292497.75, "false_negatives_val": 2370.25, "false_positives_val": 25327.75, "Val Accuracy": 0.9352641105651855, "Val Loss": 0.6057367324829102, "IoU_val": 0.7603460848331451}