{"Train Loss": 0.9973406791687012, "Train Accuracy": 0.6434112787246704, "IoU_train": 0.0015674917960950552, "_timestamp": 1647876077, "_runtime": 77, "_step": 0}