{"Train Loss": 0.9972062110900879, "Train Accuracy": 0.5410140752792358, "IoU_train": 0.001494342228397727, "_timestamp": 1647521387, "_runtime": 55, "_step": 0, "_wandb": {"runtime": 64}}