{"Train Loss": 0.6986621022224426, "Train Accuracy": 0.8688460477193196, "IoU_train": 0.5245567739196122, "_timestamp": 1648569022, "_runtime": 97, "_step": 0}