{"Train Loss": 0.9975609183311462, "Train Accuracy": 0.5579401701688766, "IoU_train": 0.0007160425931215286, "_timestamp": 1648206951, "_runtime": 19, "_step": 9, "Val Accuracy": 0.49134261906147003, "Val Loss": 0.9979327917098999, "IoU_val": 0.0014189114153850824}