{"Train Loss": 0.9922654032707214, "Train Accuracy": 0.942369287713952, "IoU_train": 0.003883151320415899, "_timestamp": 1648051404, "_runtime": 283, "_step": 19, "Val Accuracy": 0.9233975377949801, "Val Loss": 0.9922749400138855, "IoU_val": 0.0038791064807975834}