{"Train Loss": 0.9964774250984192, "Train Accuracy": 0.7247568517923355, "IoU_train": 0.002468535996740684, "_timestamp": 1647599055, "_runtime": 36, "_step": 0, "_wandb": {"runtime": 37}}