{"true_positives": 313.2948430262574, "true_negatives": 390510.8821674312, "false_negatives": 32.18535984425652, "false_positives": 132830.39596473624, "Train Loss": 0.998346745967865, "Train Accuracy": 0.746345834721119, "IoU_train": 0.06384905675586447, "_timestamp": 1648470632, "_runtime": 138, "_step": 1, "true_positives_val": 332.0644967096661, "true_negatives_val": 417701.3555045872, "false_negatives_val": 25.30976993337684, "false_positives_val": 105628.03035855075, "Val Accuracy": 0.7984542124861971, "Val Loss": 0.9982622861862183, "IoU_val": 0.0029885335563716196}