{"Train Loss": 0.9973465800285339, "Train Accuracy": 20.719680786132812, "IoU_train": 0.22288300096988678, "_timestamp": 1647438653, "_runtime": 129, "_step": 1, "Val Accuracy": 8.681468963623047, "Val Loss": 0.9982407093048096, "IoU_val": 0.22046607919037342}