{"Train Loss": 0.9948770403862, "Train Accuracy": 0.8246217555956009, "IoU_train": 0.0033872790451555316, "_timestamp": 1648196346, "_runtime": 59, "_step": 1, "Val Accuracy": 0.8952738360925154, "Val Loss": 0.9936010837554932, "IoU_val": 0.00037212531057197006}