{"Train Loss": 0.9923410415649414, "Train Accuracy": 0.7949006855487823, "IoU_train": 0.0039022554410621524, "_timestamp": 1648194369, "_runtime": 7, "_step": 19, "Val Accuracy": 0.8327510058879852, "Val Loss": 0.9924663305282593, "IoU_val": 0.0039016944356262684}