{"Train Loss": 0.9939446449279785, "Train Accuracy": 12.619218826293945, "IoU_train": 0.22923809848725796, "_timestamp": 1647439040, "_runtime": 291, "_step": 4, "Val Accuracy": 24.995384216308594, "Val Loss": 0.9977019429206848, "IoU_val": 0.25281913578510284}