{"Train Loss": 0.9924647808074951, "Train Accuracy": 0.9621346390575444, "IoU_train": 0.0037838070901162033, "_timestamp": 1648131577, "_runtime": 769, "_step": 19, "Val Accuracy": 0.9635345697402954, "Val Loss": 0.9927865862846375, "IoU_val": 0.0036210685493329527}