{"Val Accuracy": 20.449295043945312, "Val Loss": 0.08577015995979309, "IoU_val": 0.21823327243328094, "_timestamp": 1646920618, "_runtime": 72, "_step": 1, "_wandb": {"runtime": 59}}