{"Train Loss": 0.992968738079071, "Train Accuracy": 2.248138427734375, "IoU_train": 0.33009026348590853, "_timestamp": 1647437624, "_runtime": 271, "_step": 9, "Val Accuracy": 22.006505330403645, "Val Loss": 0.9970922470092773, "IoU_val": 0.29768380026022595}