{"Train Loss": 0.9966071844100952, "Train Accuracy": 0.595153197646141, "IoU_train": 0.002106412051944062, "_timestamp": 1647599129, "_runtime": 37, "_step": 0, "_wandb": {"runtime": 38}}