{"Train Loss": 0.9925518035888672, "Train Accuracy": 12.2564697265625, "IoU_train": 0.25721611082553864, "_timestamp": 1647356418, "_runtime": 32, "_step": 0, "_wandb": {"runtime": 60}}