{"Train Loss": 0.9924784898757935, "Train Accuracy": 0.958018995753122, "IoU_train": 0.0037855124036960917, "_timestamp": 1648129384, "_runtime": 422, "_step": 7, "Val Accuracy": 0.9527663187547164, "Val Loss": 0.9928326606750488, "IoU_val": 0.0036006624160458372}