{"Train Loss": 0.9922985434532166, "Train Accuracy": 0.9041085064411163, "IoU_train": 0.007816766668111087, "_timestamp": 1648195243, "_runtime": 42, "_step": 39, "Val Accuracy": 0.8383923649787903, "Val Loss": 0.9928281903266907, "IoU_val": 0.003768240101635456}