{"Train Loss": 0.700007975101471, "Train Accuracy": 0.8593230374654134, "IoU_train": 0.505685350011997, "_timestamp": 1648565799, "_runtime": 88, "_step": 0}