{"Train Loss": 0.9944939613342285, "Train Accuracy": 0.6096589863300323, "IoU_train": 0.0030606616783188656, "_timestamp": 1647599503, "_runtime": 207, "_step": 11, "Val Accuracy": 0.4975126385688782, "Val Loss": 0.9929344654083252, "IoU_val": 0.00375191040802747}